"","Source","Target"
"1",27,75
"2",27,76
"3",27,77
"4",27,78
"5",27,79
"6",27,80
"7",27,82
"8",27,83
"9",27,84
"10",27,85
"11",27,87
"12",27,88
"13",27,89
"14",27,90
"15",27,91
"16",27,92
"17",27,93
"18",27,94
"19",27,95
"20",27,96
"21",27,97
"22",27,98
"23",27,99
"24",27,100
"25",27,101
"26",27,102
"27",27,103
"28",27,104
"29",27,105
"30",27,106
"31",27,107
"32",27,108
"33",27,109
"34",27,110
"35",27,111
"36",27,112
"37",27,124
"38",74,75
"39",74,76
"40",74,77
"41",74,79
"42",74,80
"43",74,82
"44",74,83
"45",74,84
"46",74,85
"47",74,86
"48",74,87
"49",74,88
"50",74,89
"51",74,90
"52",74,91
"53",74,92
"54",74,93
"55",74,94
"56",74,95
"57",74,96
"58",74,97
"59",74,98
"60",74,99
"61",74,100
"62",74,101
"63",74,102
"64",74,103
"65",74,104
"66",74,105
"67",74,106
"68",74,107
"69",74,108
"70",74,109
"71",74,110
"72",74,111
"73",74,112
"74",75,38
"75",75,36
"76",75,113
"77",75,114
"78",75,115
"79",75,116
"80",75,123
"81",76,38
"82",76,36
"83",76,113
"84",76,115
"85",76,116
"86",76,122
"87",76,123
"88",76,125
"89",77,38
"90",77,36
"91",77,113
"92",77,115
"93",77,116
"94",77,123
"95",77,124
"96",77,125
"97",78,38
"98",78,36
"99",78,116
"100",78,126
"101",78,127
"102",78,128
"103",78,183
"104",78,184
"105",79,38
"106",79,36
"107",79,113
"108",79,116
"109",79,152
"110",80,38
"111",80,36
"112",80,113
"113",80,123
"114",80,124
"115",81,36
"116",81,115
"117",81,116
"118",82,38
"119",82,36
"120",82,113
"121",82,116
"122",82,123
"123",83,38
"124",83,36
"125",83,113
"126",83,116
"127",83,152
"128",84,38
"129",84,116
"130",85,36
"131",85,113
"132",85,116
"133",85,152
"134",86,38
"135",86,36
"136",86,113
"137",86,115
"138",86,116
"139",86,122
"140",86,123
"141",87,38
"142",87,36
"143",87,113
"144",87,114
"145",87,115
"146",87,116
"147",87,123
"148",87,151
"149",87,169
"150",87,176
"151",88,38
"152",88,36
"153",88,113
"154",88,116
"155",88,123
"156",88,124
"157",88,152
"158",89,122
"159",89,124
"160",89,123
"161",89,152
"162",90,36
"163",90,113
"164",90,122
"165",90,123
"166",91,38
"167",91,36
"168",91,113
"169",91,116
"170",91,122
"171",91,123
"172",91,125
"173",91,158
"174",91,159
"175",92,38
"176",92,36
"177",92,113
"178",92,115
"179",92,116
"180",92,122
"181",92,127
"182",92,171
"183",93,38
"184",93,36
"185",93,113
"186",93,116
"187",93,118
"188",93,122
"189",93,125
"190",93,125
"191",94,116
"192",95,38
"193",95,36
"194",95,113
"195",95,116
"196",95,127
"197",95,152
"198",95,171
"199",95,176
"200",96,38
"201",96,36
"202",96,116
"203",96,123
"204",97,38
"205",97,116
"206",97,125
"207",98,116
"208",98,123
"209",98,124
"210",98,171
"211",99,38
"212",99,36
"213",99,113
"214",99,116
"215",99,123
"216",99,170
"217",99,171
"218",99,176
"219",100,38
"220",100,36
"221",100,113
"222",100,116
"223",100,124
"224",100,123
"225",100,171
"226",101,36
"227",101,113
"228",101,116
"229",101,123
"230",101,124
"231",101,171
"232",101,176
"233",102,38
"234",102,36
"235",102,113
"236",102,116
"237",102,171
"238",103,38
"239",103,36
"240",103,113
"241",103,116
"242",103,123
"243",103,152
"244",103,171
"245",103,181
"246",104,38
"247",104,36
"248",104,113
"249",104,123
"250",104,124
"251",104,126
"252",104,172
"253",105,36
"254",105,113
"255",105,123
"256",105,123
"257",105,124
"258",105,126
"259",105,127
"260",105,152
"261",105,170
"262",105,171
"263",105,176
"264",105,181
"265",106,38
"266",106,36
"267",106,113
"268",106,123
"269",106,124
"270",106,125
"271",106,152
"272",106,176
"273",107,38
"274",107,38
"275",107,36
"276",107,113
"277",107,116
"278",107,125
"279",107,126
"280",107,126
"281",107,127
"282",107,123
"283",107,170
"284",107,176
"285",108,38
"286",108,116
"287",108,123
"288",108,123
"289",108,170
"290",108,171
"291",109,38
"292",109,36
"293",109,113
"294",109,116
"295",109,124
"296",109,123
"297",109,181
"298",110,38
"299",110,36
"300",110,113
"301",110,116
"302",110,124
"303",110,170
"304",110,171
"305",111,38
"306",111,36
"307",111,113
"308",111,116
"309",111,123
"310",111,127
"311",111,152
"312",111,170
"313",111,171
"314",111,176
"315",111,181
"316",112,38
"317",112,36
"318",112,113
"319",112,116
"320",112,124
"321",112,127
"322",112,170
"323",112,176
"324",112,181
"325",112,182
"326",117,75
"327",118,75
"328",119,75
"329",120,75
"330",121,75
"331",121,76
"332",121,77
"333",121,82
"334",121,83
"335",121,89
"336",121,92
"337",121,93
"338",121,97
"339",30,74
"340",30,75
"341",30,76
"342",30,77
"343",30,78
"344",30,79
"345",30,82
"346",30,83
"347",30,84
"348",30,85
"349",30,86
"350",30,87
"351",30,88
"352",30,89
"353",30,90
"354",30,91
"355",30,92
"356",30,93
"357",30,94
"358",30,95
"359",30,96
"360",30,97
"361",30,98
"362",30,99
"363",30,100
"364",30,101
"365",30,102
"366",30,103
"367",30,104
"368",30,105
"369",30,106
"370",30,107
"371",30,108
"372",30,109
"373",30,110
"374",30,111
"375",30,112
"376",125,76
"377",125,77
"378",129,78
"379",130,78
"380",131,78
"381",132,78
"382",133,78
"383",134,78
"384",135,78
"385",136,78
"386",137,78
"387",138,78
"388",139,78
"389",140,78
"390",141,78
"391",142,78
"392",143,78
"393",144,78
"394",145,78
"395",146,78
"396",147,82
"397",148,82
"398",149,82
"399",150,83
"400",153,89
"401",154,89
"402",155,89
"403",28,89
"404",156,89
"405",157,89
"406",160,95
"407",160,98
"408",160,99
"409",160,101
"410",160,102
"411",160,103
"412",160,105
"413",160,105
"414",160,106
"415",160,107
"416",160,108
"417",160,109
"418",160,110
"419",160,111
"420",160,112
"421",161,95
"422",162,97
"423",163,97
"424",164,97
"425",165,97
"426",166,97
"427",167,97
"428",168,97
"429",169,83
"430",169,97
"431",169,100
"432",171,102
"433",172,102
"434",173,102
"435",174,102
"436",175,102
"437",32,105
"438",177,110
"439",178,110
"440",179,110
"441",180,88
"442",180,110
"443",185,78
"444",1,7
"445",1,8
"446",1,9
"447",1,10
"448",1,11
"449",1,12
"450",1,13
"451",1,14
"452",1,15
"453",1,16
"454",1,17
"455",1,18
"456",1,19
"457",1,20
"458",1,21
"459",1,22
"460",1,23
"461",1,24
"462",1,25
"463",1,26
"464",1,35
"465",1,36
"466",1,38
"467",1,42
"468",2,10
"469",2,11
"470",3,1
"471",3,7
"472",4,1
"473",4,14
"474",4,17
"475",5,1
"476",5,7
"477",5,22
"478",6,1
"479",6,7
"480",6,8
"481",6,9
"482",6,10
"483",6,11
"484",6,22
"485",6,12
"486",6,17
"487",6,23
"488",6,13
"489",6,18
"490",6,24
"491",6,14
"492",6,19
"493",6,25
"494",6,15
"495",6,20
"496",6,26
"497",6,16
"498",6,21
"499",6,2
"500",6,23
"501",6,7
"502",6,57
"503",6,35
"504",6,36
"505",7,35
"506",7,36
"507",7,38
"508",7,42
"509",7,44
"510",7,66
"511",7,57
"512",8,35
"513",8,36
"514",8,38
"515",8,44
"516",8,66
"517",8,55
"518",8,57
"519",9,35
"520",9,36
"521",9,38
"522",9,43
"523",9,44
"524",9,66
"525",9,57
"526",10,35
"527",10,36
"528",10,38
"529",10,44
"530",10,58
"531",10,59
"532",10,60
"533",10,61
"534",10,62
"535",10,66
"536",10,57
"537",11,44
"538",11,35
"539",11,36
"540",11,43
"541",11,38
"542",11,66
"543",11,57
"544",12,44
"545",12,36
"546",12,35
"547",12,38
"548",12,66
"549",12,57
"550",13,35
"551",13,36
"552",13,38
"553",13,44
"554",13,66
"555",13,57
"556",14,44
"557",14,35
"558",14,36
"559",14,38
"560",14,66
"561",14,57
"562",15,44
"563",15,38
"564",15,35
"565",15,36
"566",15,51
"567",15,55
"568",15,66
"569",15,57
"570",16,44
"571",16,35
"572",16,36
"573",16,38
"574",16,43
"575",16,55
"576",16,66
"577",16,57
"578",17,44
"579",17,35
"580",17,38
"581",17,44
"582",17,36
"583",17,43
"584",17,55
"585",17,66
"586",17,57
"587",18,44
"588",18,35
"589",18,55
"590",18,38
"591",18,36
"592",18,44
"593",18,57
"594",18,66
"595",19,44
"596",19,38
"597",19,35
"598",19,36
"599",19,55
"600",19,57
"601",19,66
"602",20,44
"603",20,55
"604",20,57
"605",20,36
"606",20,38
"607",20,35
"608",20,44
"609",20,66
"610",21,44
"611",21,43
"612",21,55
"613",21,35
"614",21,36
"615",21,38
"616",21,66
"617",21,57
"618",22,44
"619",22,35
"620",22,36
"621",22,38
"622",22,66
"623",22,57
"624",23,44
"625",23,55
"626",23,35
"627",23,38
"628",23,57
"629",23,36
"630",23,66
"631",24,44
"632",24,66
"633",24,44
"634",24,43
"635",24,55
"636",24,57
"637",24,25
"638",24,36
"639",24,38
"640",25,44
"641",25,66
"642",25,38
"643",25,57
"644",25,35
"645",25,36
"646",26,44
"647",26,35
"648",26,36
"649",26,38
"650",26,66
"651",26,57
"652",27,1
"653",27,6
"654",27,7
"655",27,8
"656",27,9
"657",27,10
"658",27,11
"659",27,12
"660",27,13
"661",27,14
"662",27,15
"663",27,16
"664",27,17
"665",27,18
"666",27,19
"667",27,20
"668",27,21
"669",27,22
"670",27,23
"671",27,24
"672",27,25
"673",27,26
"674",28,1
"675",28,22
"676",29,1
"677",29,22
"678",30,1
"679",30,2
"680",30,3
"681",30,4
"682",30,5
"683",30,6
"684",30,7
"685",30,8
"686",30,9
"687",30,10
"688",30,13
"689",30,15
"690",30,16
"691",30,19
"692",30,20
"693",30,21
"694",30,23
"695",30,24
"696",30,25
"697",30,26
"698",30,11
"699",30,12
"700",30,14
"701",30,17
"702",30,18
"703",30,22
"704",31,1
"705",32,1
"706",32,14
"707",32,17
"708",33,1
"709",33,11
"710",33,19
"711",33,7
"712",33,8
"713",33,9
"714",33,10
"715",33,22
"716",33,12
"717",33,17
"718",33,23
"719",33,13
"720",33,18
"721",33,24
"722",33,14
"723",33,25
"724",33,15
"725",33,20
"726",33,26
"727",33,16
"728",33,21
"729",33,2
"730",33,23
"731",33,21
"732",33,24
"733",34,1
"734",37,1
"735",37,7
"736",37,8
"737",37,14
"738",37,15
"739",37,17
"740",37,19
"741",37,21
"742",37,24
"743",37,25
"744",39,1
"745",39,8
"746",39,15
"747",39,16
"748",39,17
"749",39,18
"750",39,19
"751",39,20
"752",39,24
"753",40,1
"754",40,7
"755",40,41
"756",41,1
"757",41,7
"758",45,14
"759",45,15
"760",45,17
"761",46,14
"762",46,24
"763",47,14
"764",47,17
"765",47,17
"766",47,21
"767",47,24
"768",48,14
"769",48,17
"770",48,21
"771",48,24
"772",49,14
"773",50,15
"774",52,14
"775",52,15
"776",52,16
"777",52,17
"778",52,17
"779",52,44
"780",53,16
"781",54,16
"782",56,17
"783",63,21
"784",64,21
"785",65,23
"786",67,25
"787",69,26
"788",71,26
"789",72,26
"790",73,26
"791",32,1
"792",32,2
"793",32,3
"794",32,4
"795",32,5
"796",32,6
"797",32,7
"798",32,8
"799",32,9
"800",32,10
"801",32,11
"802",32,12
"803",32,13
"804",32,14
"805",32,15
"806",32,16
"807",32,17
"808",32,18
"809",32,19
"810",32,20
"811",32,21
"812",32,22
"813",32,23
"814",32,24
"815",32,25
"816",32,26
"817",32,27
"818",32,28
"819",32,29
"820",32,30
"821",32,31
"822",32,33
"823",32,34
"824",32,35
"825",31,33
"826",31,1
"827",31,3
"828",31,6
"829",31,9
"830",31,10
"831",31,11
"832",31,12
"833",31,15
"834",31,16
"835",31,17
"836",1,36
"837",55,1
"838",37,1
"839",37,2
"840",32,38
"841",2,36
"842",2,39
"843",40,2
"844",37,3
"845",3,36
